,datetime,Open,High,Low,Close,Adj Close,Volume,pct_change,log_return
0,2021-10-01 09,14.8100004196167,15.0600004196167,14.520000457763672,14.610099792480469,14.610099792480469,2559933,,
1,2021-10-01 10,14.600000381469727,14.800000190734863,14.449999809265137,14.75,14.75,892952,0.009575581926656973,0.009530026623517887
2,2021-10-01 11,14.78909969329834,14.859999656677246,14.630000114440918,14.729999542236328,14.729999542236328,674468,-0.0013559632382150744,-0.001356883388253912
3,2021-10-01 12,14.733699798583984,14.960000038146973,14.675000190734863,14.951199531555176,14.951199531555176,571509,0.015016971907201082,0.014905333444793278
4,2021-10-01 13,14.960000038146973,15.0,14.789999961853027,14.869999885559082,14.869999885559082,520958,-0.005430978686674526,-0.005445780066398599
5,2021-10-01 14,14.875,14.949999809265137,14.824999809265137,14.829999923706055,14.829999923706055,396428,-0.00268997728048892,-0.0026936017706970365
6,2021-10-01 15,14.824999809265137,14.880000114440918,14.8100004196167,14.84000015258789,14.84000015258789,394285,0.0006743242706193087,0.0006740970161647263
7,2021-10-04 09,14.9399995803833,14.949999809265137,13.989999771118164,14.050000190734863,14.050000190734863,1765737,-0.05323449822979032,-0.05470383866624747
8,2021-10-04 10,14.050000190734863,14.09000015258789,13.859999656677246,14.041000366210938,14.041000366210938,1627709,-0.0006405568969216624,-0.000640762141142507
9,2021-10-04 11,14.0600004196167,14.119999885559082,13.970000267028809,13.991299629211426,13.991299629211426,670002,-0.0035396863259909983,-0.0035459658383495143
10,2021-10-04 12,13.99839973449707,14.15999984741211,13.970000267028809,14.130000114440918,14.130000114440918,572917,0.009913338210548295,0.009864523419883194
11,2021-10-04 13,14.130000114440918,14.25,14.09119987487793,14.130000114440918,14.130000114440918,577280,0.0,0.0
12,2021-10-04 14,14.120100021362305,14.175000190734863,14.020000457763672,14.050000190734863,14.050000190734863,410947,-0.00566170722279713,-0.005677795440391169
13,2021-10-04 15,14.050000190734863,14.095000267028809,14.010100364685059,14.039999961853027,14.039999961853027,718333,-0.0007117600531016954,-0.0007120134745455998
14,2021-10-05 09,14.100000381469727,14.369999885559082,13.830100059509277,14.029000282287598,14.029000282287598,1378769,-0.0007834529626293829,-0.0007837600222900516
15,2021-10-05 10,14.029999732971191,14.25,14.0,14.061200141906738,14.061200141906738,654674,0.002295235510102245,0.0022926054806679977
16,2021-10-05 11,14.055000305175781,14.069999694824219,13.76830005645752,13.770000457763672,13.770000457763672,747180,-0.020709447358991828,-0.020926895354910064
17,2021-10-05 12,13.770000457763672,13.899999618530273,13.765000343322754,13.880000114440918,13.880000114440918,428954,0.007988355339177078,0.007956617339569318
18,2021-10-05 13,13.888999938964844,13.960000038146973,13.84000015258789,13.925000190734863,13.925000190734863,592076,0.0032420803979047452,0.003236836186963434
19,2021-10-05 14,13.925000190734863,14.050000190734863,13.920000076293945,13.989999771118164,13.989999771118164,474541,0.004667833356767126,0.004656972806356306
20,2021-10-05 15,13.994500160217285,14.09000015258789,13.990099906921387,14.041600227355957,14.041600227355957,413062,0.0036883814926373937,0.003681596093262512
21,2021-10-06 09,13.970000267028809,14.15999984741211,13.850000381469727,13.869999885559082,13.869999885559082,785817,-0.012220853678953314,-0.012296142334490785
22,2021-10-06 10,13.860199928283691,14.069999694824219,13.850000381469727,13.920000076293945,13.920000076293945,427760,0.0036049164489844188,0.0035984343113877187
23,2021-10-06 11,13.914999961853027,14.09000015258789,13.885000228881836,13.949999809265137,13.949999809265137,348026,0.0021551532188768263,0.0021528342074639763
24,2021-10-06 12,13.949999809265137,13.965900421142578,13.850000381469727,13.890000343322754,13.890000343322754,290930,-0.004301037043924039,-0.00431031311111148
25,2021-10-06 13,13.895000457763672,14.029999732971191,13.895000457763672,13.960100173950195,13.960100173950195,306609,0.005046783937708188,0.005034091609365627
26,2021-10-06 14,13.960000038146973,14.050000190734863,13.920000076293945,13.920000076293945,13.920000076293945,329981,-0.002872479219818036,-0.0028766127057180983
27,2021-10-06 15,13.925000190734863,13.939000129699707,13.880000114440918,13.890000343322754,13.890000343322754,363659,-0.0021551532188769373,-0.0021574789036475075
28,2021-10-07 09,13.989999771118164,14.289400100708008,13.899999618530273,14.279999732971191,14.279999732971191,1060754,0.0280777091438964,0.027690756728428755
29,2021-10-07 10,14.289999961853027,14.369999885559082,14.210000038146973,14.361000061035156,14.361000061035156,730486,0.005672291987299127,0.005656265116603103
30,2021-10-07 11,14.360799789428711,14.399999618530273,14.199999809265137,14.204999923706055,14.204999923706055,571699,-0.010862762806635451,-0.010922193393315441
31,2021-10-07 12,14.199999809265137,14.274999618530273,14.130000114440918,14.274999618530273,14.274999618530273,307177,0.004927820851825526,0.004915718883921139
32,2021-10-07 13,14.276900291442871,14.279999732971191,14.140000343322754,14.140000343322754,14.140000343322754,192850,-0.009457042298780749,-0.009502044070472788
33,2021-10-07 14,14.145000457763672,14.170000076293945,13.989999771118164,13.997599601745605,13.997599601745605,464385,-0.01007077355867203,-0.01012182685202504
34,2021-10-07 15,13.989999771118164,14.0,13.920000076293945,13.960000038146973,13.960000038146973,500822,-0.0026861436723725207,-0.002689757829835128
35,2021-10-08 09,14.010000228881836,14.079999923706055,13.710000038146973,13.848699569702148,13.848699569702148,1247033,-0.0079728129040606,-0.008004765726098213
36,2021-10-08 10,13.850000381469727,13.949999809265137,13.779999732971191,13.779999732971191,13.779999732971191,515684,-0.004960742803696627,-0.004973088133204752
37,2021-10-08 11,13.78909969329834,13.850000381469727,13.680000305175781,13.707500457763672,13.707500457763672,641779,-0.005261195690305587,-0.005275084516324028
38,2021-10-08 12,13.710000038146973,13.8100004196167,13.670000076293945,13.675399780273438,13.675399780273438,362954,-0.0023418330416361544,-0.0023445794211796483
39,2021-10-08 13,13.675000190734863,13.739999771118164,13.5600004196167,13.710000038146973,13.710000038146973,713501,0.00253010942491394,0.0025269140866317425
40,2021-10-08 14,13.71500015258789,13.75,13.600000381469727,13.614999771118164,13.614999771118164,919472,-0.00692926818121653,-0.006953387041925092
41,2021-10-08 15,13.614999771118164,13.62969970703125,13.529999732971191,13.5600004196167,13.5600004196167,586464,-0.004039614574077088,-0.004047795857284252
42,2021-10-11 09,13.539999961853027,13.890000343322754,13.45740032196045,13.829999923706055,13.829999923706055,1005781,0.019911467237033298,0.01971582670267925
43,2021-10-11 10,13.84000015258789,14.024999618530273,13.84000015258789,14.005000114440918,14.005000114440918,747135,0.012653665343475229,0.01257427672339223
44,2021-10-11 11,14.005000114440918,14.020000457763672,13.859999656677246,13.9350004196167,13.9350004196167,495900,-0.004998193091911518,-0.005010725837164561
45,2021-10-11 12,13.9399995803833,13.96500015258789,13.75,13.751299858093262,13.751299858093262,431377,-0.013182673555203972,-0.013270336267868634
46,2021-10-11 13,13.760000228881836,13.8149995803833,13.710700035095215,13.739999771118164,13.739999771118164,272219,-0.0008217468233336911,-0.0008220846423349935
47,2021-10-11 14,13.739999771118164,13.76140022277832,13.619999885559082,13.649999618530273,13.649999618530273,262498,-0.006550229555103315,-0.006571776451668273
48,2021-10-11 15,13.649999618530273,13.699999809265137,13.600000381469727,13.630000114440918,13.630000114440918,293115,-0.0014651651756975026,-0.0014662395797747354
49,2021-10-12 09,13.670000076293945,14.1899995803833,13.65999984741211,13.960000038146973,13.960000038146973,1736936,0.02421129280523049,0.02392284596212409
50,2021-10-12 10,13.96500015258789,14.0600004196167,13.890000343322754,14.0,14.0,486490,0.002865326772472976,0.002861229548440964
51,2021-10-12 11,14.010000228881836,14.170000076293945,14.010000228881836,14.09000015258789,14.09000015258789,487013,0.006428582327706378,0.006408007124846804
52,2021-10-12 12,14.09850025177002,14.111599922180176,13.930000305175781,14.010000228881836,14.010000228881836,403075,-0.005677780187345216,-0.005693960054156747
53,2021-10-12 13,14.010000228881836,14.100000381469727,13.979999542236328,14.095000267028809,14.095000267028809,495714,0.006067097555911838,0.006048766825058414
54,2021-10-12 14,14.100000381469727,14.100000381469727,13.970000267028809,14.020000457763672,14.020000457763672,485082,-0.005321022195407643,-0.005335229253802457
55,2021-10-12 15,14.015000343322754,14.140000343322754,14.010000228881836,14.140000343322754,14.140000343322754,338291,0.00855919269907246,0.008522770491473146
56,2021-10-13 09,14.180000305175781,14.449999809265137,14.0826997756958,14.264100074768066,14.264100074768066,1001923,0.008776501303545903,0.008738211685479691
57,2021-10-13 10,14.270000457763672,14.444999694824219,14.255000114440918,14.4350004196167,14.4350004196167,654419,0.011981151559006475,0.011909945750134215
58,2021-10-13 11,14.4399995803833,14.609999656677246,14.40999984741211,14.470000267028809,14.470000267028809,648689,0.002424651638010644,0.0024217169130609623
59,2021-10-13 12,14.470000267028809,14.489999771118164,14.380000114440918,14.484999656677246,14.484999656677246,270282,0.0010365853055729346,0.001036048422010113
60,2021-10-13 13,14.479999542236328,14.555000305175781,14.4399995803833,14.540499687194824,14.540499687194824,392971,0.0038315520768406053,0.0038242303775372142
61,2021-10-13 14,14.546600341796875,14.555000305175781,14.410099983215332,14.414999961853027,14.414999961853027,688168,-0.008631046252992158,-0.008668509452873353
62,2021-10-13 15,14.414999961853027,14.489999771118164,14.3100004196167,14.489999771118164,14.489999771118164,862306,0.005202900413708855,0.005189412092716319
63,2021-10-14 09,14.5600004196167,14.59000015258789,14.3100004196167,14.505000114440918,14.505000114440918,847022,0.0010352203974945962,0.0010346849263807847
64,2021-10-14 10,14.510000228881836,14.569999694824219,14.210000038146973,14.260000228881836,14.260000228881836,664063,-0.016890719312381397,-0.017034994426354394
65,2021-10-14 11,14.265000343322754,14.329999923706055,14.050000190734863,14.25,14.25,1036903,-0.0007012783114533905,-0.0007015243221097971
66,2021-10-14 12,14.24940013885498,14.300000190734863,14.170000076293945,14.220000267028809,14.220000267028809,269819,-0.002105244419030927,-0.0021074635611676128
67,2021-10-14 13,14.228300094604492,14.390000343322754,14.228300094604492,14.360600471496582,14.360600471496582,321565,0.009887496612343671,0.009838935156168769
68,2021-10-14 14,14.359999656677246,14.430000305175781,14.305000305175781,14.335000038146973,14.335000038146973,456963,-0.0017826854385666335,-0.0017842763132202677
69,2021-10-14 15,14.34000015258789,14.460000038146973,14.3100004196167,14.449999809265137,14.449999809265137,407092,0.008022306997707451,0.007990299362356072
70,2021-10-15 09,14.600000381469727,14.670000076293945,14.369999885559082,14.375,14.375,746562,-0.0051902982875506876,-0.005203814675382417
71,2021-10-15 10,14.380000114440918,14.550000190734863,14.369999885559082,14.420000076293945,14.420000076293945,347841,0.0031304400900136198,0.0031255504642311535
72,2021-10-15 11,14.420000076293945,14.46500015258789,14.329999923706055,14.359999656677246,14.359999656677246,376419,-0.004160916733650932,-0.004169597435837189
73,2021-10-15 12,14.359999656677246,14.364999771118164,14.27079963684082,14.28849983215332,14.28849983215332,257770,-0.004979096534356797,-0.004991533536035776
74,2021-10-15 13,14.28499984741211,14.331299781799316,14.180000305175781,14.308699607849121,14.308699607849121,355652,0.001413708642130862,0.0014127102968705613
75,2021-10-15 14,14.3100004196167,14.34000015258789,14.239999771118164,14.281000137329102,14.281000137329102,317707,-0.0019358482097719953,-0.0019377243856364404
76,2021-10-15 15,14.279999732971191,14.309000015258789,14.140000343322754,14.149999618530273,14.149999618530273,697467,-0.009173063338638765,-0.009215394956751563
77,2021-10-18 09,14.079999923706055,14.600000381469727,13.970000267028809,14.545000076293945,14.545000076293945,1340974,0.027915227449645696,0.027532700062282645
78,2021-10-18 10,14.529999732971191,14.550000190734863,14.319999694824219,14.34000015258789,14.34000015258789,813772,-0.014094185124149394,-0.014194451380345686
79,2021-10-18 11,14.34939956665039,14.550000190734863,14.345000267028809,14.545000076293945,14.545000076293945,385606,0.014295670957092721,0.014194451380345823
80,2021-10-18 12,14.550000190734863,14.585000038146973,14.46500015258789,14.529999732971191,14.529999732971191,537115,-0.0010313058263370367,-0.0010318379881032371
81,2021-10-18 13,14.520000457763672,14.539999961853027,14.4399995803833,14.475000381469727,14.475000381469727,179100,-0.003785227289210602,-0.00379240939168144
82,2021-10-18 14,14.470000267028809,14.579999923706055,14.420000076293945,14.460000038146973,14.460000038146973,505623,-0.0010362931210666781,-0.0010368304440311997
83,2021-10-18 15,14.460800170898438,14.520000457763672,14.430000305175781,14.470000267028809,14.470000267028809,451762,0.0006915787590218159,0.0006913397286310625
84,2021-10-19 09,14.600000381469727,14.869999885559082,14.414999961853027,14.520000457763672,14.520000457763672,2293551,0.003455438134911004,0.003449481825720415
85,2021-10-19 10,14.520000457763672,14.729999542236328,14.480600357055664,14.609000205993652,14.609000205993652,845692,0.006129459051249064,0.006110750327765865
86,2021-10-19 11,14.609999656677246,14.748600006103516,14.601499557495117,14.689200401306152,14.689200401306152,374273,0.005489779874162437,0.005474765956300434
87,2021-10-19 12,14.6850004196167,14.75,14.625,14.701299667358398,14.701299667358398,388316,0.000823684456723095,0.0008233454148438819
88,2021-10-19 13,14.70110034942627,14.75,14.649999618530273,14.6850004196167,14.6850004196167,259256,-0.001108694340670402,-0.0011093093968891784
89,2021-10-19 14,14.6850004196167,14.744999885559082,14.610799789428711,14.710000038146973,14.710000038146973,317733,0.001702391407280901,0.0017009439815197263
90,2021-10-19 15,14.699999809265137,14.710000038146973,14.619999885559082,14.649999618530273,14.649999618530273,429907,-0.004078886435153084,-0.004087227782427372
91,2021-10-20 09,14.649999618530273,14.75,14.399999618530273,14.675000190734863,14.675000190734863,1328687,0.0017065237444080505,0.001705069287238297
92,2021-10-20 10,14.675000190734863,14.695500373840332,14.5,14.520000457763672,14.520000457763672,503408,-0.010562162245766227,-0.010618337788351842
93,2021-10-20 11,14.520000457763672,14.539999961853027,14.399999618530273,14.449999809265137,14.449999809265137,598573,-0.004820981149563752,-0.004832639564276693
94,2021-10-20 12,14.4552001953125,14.479999542236328,14.239999771118164,14.27180004119873,14.27180004119873,611501,-0.012332164042808347,-0.012408836185524401
95,2021-10-20 13,14.276000022888184,14.329999923706055,14.229999542236328,14.270000457763672,14.270000457763672,391123,-0.0001260936553106884,-0.0001261016057839864
96,2021-10-20 14,14.260000228881836,14.319999694824219,14.199999809265137,14.319999694824219,14.319999694824219,680056,0.0035038006626932905,0.00349767665385317
97,2021-10-20 15,14.329999923706055,14.385000228881836,14.3100004196167,14.34000015258789,14.34000015258789,449085,0.0013966800411944202,0.0013957055908503904
98,2021-10-21 09,14.300000190734863,14.604999542236328,14.220000267028809,14.469900131225586,14.469900131225586,1520145,0.009058575819767434,0.009017793026152037
99,2021-10-21 10,14.470000267028809,14.600000381469727,14.410699844360352,14.410699844360352,14.410699844360352,525738,-0.0040912712823416575,-0.004099663430217989
100,2021-10-21 11,14.420000076293945,14.420000076293945,14.279999732971191,14.359999656677246,14.359999656677246,533528,-0.0035182321629539937,-0.0035244356963179237
101,2021-10-21 12,14.359999656677246,14.460000038146973,14.34000015258789,14.385000228881836,14.385000228881836,289468,0.0017409869639490871,0.0017394732028489942
102,2021-10-21 13,14.380000114440918,14.390000343322754,14.300000190734863,14.329999923706055,14.329999923706055,284612,-0.0038234483351173854,-0.0038307763986482556
103,2021-10-21 14,14.324999809265137,14.460000038146973,14.319999694824219,14.359999656677246,14.359999656677246,269570,0.002093491495527733,0.002091303195799169
104,2021-10-21 15,14.359999656677246,14.40999984741211,14.335000038146973,14.390000343322754,14.390000343322754,435361,0.0020891843567389934,0.002087005045894331
105,2021-10-22 09,14.329999923706055,14.359999656677246,13.836400032043457,13.99899959564209,13.99899959564209,1715627,-0.02717169828714394,-0.027547675149785726
106,2021-10-22 10,13.989999771118164,14.0,13.654999732971191,13.6899995803833,13.6899995803833,1731552,-0.02207300694222325,-0.022320260958888942
107,2021-10-22 11,13.699999809265137,13.760000228881836,13.600000381469727,13.729999542236328,13.729999542236328,969210,0.0029218380627522578,0.0029175777904528496
108,2021-10-22 12,13.729999542236328,13.789999961853027,13.68340015411377,13.753100395202637,13.753100395202637,498935,0.0016825093762928844,0.0016810955430285577
109,2021-10-22 13,13.755000114440918,13.829999923706055,13.720000267028809,13.789999961853027,13.789999961853027,357992,0.002682999875669001,0.0026794070564235333
110,2021-10-22 14,13.79800033569336,13.850000381469727,13.760000228881836,13.779999732971191,13.779999732971191,372126,-0.0007251797613849753,-0.0007254428314178678
111,2021-10-22 15,13.788299560546875,13.880000114440918,13.78499984741211,13.859999656677246,13.859999656677246,686171,0.0058055098154059515,0.0057887227834808675
112,2021-10-25 09,13.930000305175781,14.260000228881836,13.829999923706055,14.15999984741211,14.15999984741211,1187056,0.021645035942719826,0.021414108498597276
113,2021-10-25 10,14.15999984741211,14.460000038146973,14.150500297546387,14.369999885559082,14.369999885559082,1261931,0.014830511328384866,0.014721614637463519
114,2021-10-25 11,14.36139965057373,14.520000457763672,14.34000015258789,14.494999885559082,14.494999885559082,640339,0.00869867787024936,0.008661062351362962
115,2021-10-25 12,14.489999771118164,14.8100004196167,14.420000076293945,14.691399574279785,14.691399574279785,1414840,0.013549478459559783,0.013458505115980617
116,2021-10-25 13,14.6899995803833,14.970000267028809,14.600000381469727,14.96500015258789,14.96500015258789,1105718,0.01862317997170937,0.018451891906580007
117,2021-10-25 14,14.960000038146973,15.029999732971191,14.760000228881836,14.800000190734863,14.800000190734863,1306905,-0.011025724034121942,-0.01108695784341956
118,2021-10-25 15,14.800000190734863,14.880000114440918,14.75,14.859999656677246,14.859999656677246,790827,0.004054017916833796,0.004045822528233536
119,2021-10-26 09,14.949999809265137,15.670000076293945,14.949999809265137,15.479999542236328,15.479999542236328,3530881,0.041722738888522626,0.040875822404490295
120,2021-10-26 10,15.484999656677246,15.670000076293945,15.069999694824219,15.15999984741211,15.15999984741211,1699801,-0.02067181552241759,-0.020888468441222687
121,2021-10-26 11,15.15999984741211,15.210000038146973,14.859999656677246,15.170000076293945,15.170000076293945,1328492,0.000659645711245993,0.000659428240644255
122,2021-10-26 12,15.161299705505371,15.199999809265137,14.649999618530273,14.6899995803833,14.6899995803833,1655694,-0.03164143002614339,-0.03215283676870556
123,2021-10-26 13,14.6899995803833,15.039999961853027,14.689900398254395,15.039999961853027,15.039999961853027,714109,0.023825758438898115,0.02354635436432593
124,2021-10-26 14,15.034000396728516,15.039999961853027,14.819999694824219,14.821000099182129,14.821000099182129,740574,-0.014561161118774146,-0.014668215318548226
125,2021-10-26 15,14.820099830627441,14.899999618530273,14.774999618530273,14.8100004196167,14.8100004196167,681776,-0.0007421685103448095,-0.0007424440537352034
126,2021-10-27 09,14.850000381469727,15.260000228881836,14.819999694824219,14.97599983215332,14.97599983215332,1737796,0.01120860282466607,0.011146251914482663
127,2021-10-27 10,14.970000267028809,14.989999771118164,14.5600004196167,14.600000381469727,14.600000381469727,966679,-0.025106801208445995,-0.025427353685171326
128,2021-10-27 11,14.595000267028809,14.710000038146973,14.579999923706055,14.600000381469727,14.600000381469727,364608,0.0,0.0
129,2021-10-27 12,14.604999542236328,14.765000343322754,14.579999923706055,14.71500015258789,14.71500015258789,349960,0.007876696446126319,0.007845837212629707
130,2021-10-27 13,14.720000267028809,14.760000228881836,14.609999656677246,14.614999771118164,14.614999771118164,229747,-0.006795812465699491,-0.006819009152522626
131,2021-10-27 14,14.619999885559082,14.675000190734863,14.479999542236328,14.520000457763672,14.520000457763672,424238,-0.006500124176685107,-0.006521341979387674
132,2021-10-27 15,14.524999618530273,14.635000228881836,14.520999908447266,14.550000190734863,14.550000190734863,325817,0.002066097246928855,0.002063965803353518
133,2021-10-28 09,14.699999809265137,15.220000267028809,14.680000305175781,15.085000038146973,15.085000038146973,2153097,0.03676974848101966,0.036109868413399276
134,2021-10-28 10,15.079999923706055,15.920000076293945,15.029999732971191,15.710000038146973,15.710000038146973,4130091,0.04143188587467672,0.040596579555900555
135,2021-10-28 11,15.699999809265137,15.739999771118164,15.289999961853027,15.430000305175781,15.430000305175781,2868370,-0.01782302560733906,-0.017983768542576908
136,2021-10-28 12,15.430000305175781,16.850000381469727,15.395000457763672,16.21299934387207,16.21299934387207,11659629,0.0507452380563882,0.04949966294553273
137,2021-10-28 13,16.21500015258789,16.530000686645508,15.90999984741211,15.984999656677246,15.984999656677246,3848435,-0.014062770395472768,-0.014162588064685526
138,2021-10-28 14,15.979999542236328,16.110000610351562,15.649999618530273,15.779999732971191,15.779999732971191,2321869,-0.012824518492899784,-0.012907462538246624
139,2021-10-28 15,15.774999618530273,15.890000343322754,15.664999961853027,15.779999732971191,15.779999732971191,2392747,0.0,0.0
140,2021-10-29 09,16.199899673461914,16.399999618530273,15.510000228881836,15.789999961853027,15.789999961853027,5482055,0.0006337280767465536,0.0006335273559060697
141,2021-10-29 10,15.789999961853027,16.239900588989258,15.704999923706055,16.165000915527344,16.165000915527344,1790806,0.02374926881445716,0.0234716419621346
142,2021-10-29 11,16.150800704956055,16.25,15.920000076293945,15.960000038146973,15.960000038146973,1960893,-0.012681773323220624,-0.012762873401967086
143,2021-10-29 12,15.96500015258789,16.18000030517578,15.930000305175781,16.110000610351562,16.110000610351562,765544,0.00939853207055541,0.009354640663561346
144,2021-10-29 13,16.110000610351562,16.200000762939453,16.014999389648438,16.05500030517578,16.05500030517578,994912,-0.0034140473675985383,-0.0034198885257623627
145,2021-10-29 14,16.05150032043457,16.170000076293945,15.914999961853027,16.030000686645508,16.030000686645508,1007911,-0.0015571235163548414,-0.0015583370931336684
146,2021-10-29 15,16.030000686645508,16.114999771118164,16.020000457763672,16.059999465942383,16.059999465942383,1164902,0.0018714147231364553,0.001869665808226936
147,2021-11-01 09,16.600000381469727,17.299999237060547,16.600000381469727,17.152000427246094,17.152000427246094,5274298,0.06799508079806982,0.06578313453307882
148,2021-11-01 10,17.15999984741211,17.360000610351562,16.959999084472656,17.270000457763672,17.270000457763672,2423186,0.006879665786979183,0.006856108867084397
149,2021-11-01 11,17.264999389648438,17.4950008392334,17.065000534057617,17.300800323486328,17.300800323486328,1968622,0.0017834316679945506,0.0017818432420230567
150,2021-11-01 12,17.299999237060547,17.559999465942383,17.15999984741211,17.475000381469727,17.475000381469727,1640734,0.01006890171126451,0.010018548042426193
151,2021-11-01 13,17.475000381469727,17.610000610351562,17.110000610351562,17.204999923706055,17.204999923706055,2051686,-0.01545066963489039,-0.015571275134290494
152,2021-11-01 14,17.209999084472656,17.5,17.19499969482422,17.25,17.25,1109826,0.0026155231905546916,0.002612108662330468
153,2021-11-01 15,17.2549991607666,17.549999237060547,17.239999771118164,17.510000228881836,17.510000228881836,1437187,0.015072477036628174,0.014960015891884266
154,2021-11-02 09,17.850000381469727,17.850000381469727,16.850000381469727,16.90999984741211,16.90999984741211,4133432,-0.03426615497583241,-0.034867005482294
155,2021-11-02 10,16.899999618530273,17.450000762939453,16.8799991607666,17.43000030517578,17.43000030517578,1637161,0.03075106223867019,0.03028772315362116
156,2021-11-02 11,17.420000076293945,17.450000762939453,17.149999618530273,17.190000534057617,17.190000534057617,1262853,-0.013769349794382824,-0.013865026577898494
157,2021-11-02 12,17.190000534057617,17.229999542236328,17.03499984741211,17.055299758911133,17.055299758911133,678646,-0.007835995983805133,-0.00786685873297663
158,2021-11-02 13,17.05500030517578,17.450000762939453,17.049999237060547,17.405000686645508,17.405000686645508,1144554,0.0205039449718063,0.02029656898474551
159,2021-11-02 14,17.40410041809082,17.56999969482422,17.3700008392334,17.53860092163086,17.53860092163086,981579,0.00767596838349216,0.007646658032844058
160,2021-11-02 15,17.540000915527344,17.739999771118164,17.5,17.729999542236328,17.729999542236328,963817,0.01091299251637623,0.010853875520227488
161,2021-11-03 09,17.670000076293945,18.100000381469727,17.239999771118164,17.8710994720459,17.8710994720459,2585356,0.007958259077979202,0.007926759146911957
162,2021-11-03 10,17.8700008392334,18.520000457763672,17.829999923706055,18.5049991607666,18.5049991607666,3156022,0.035470659749404554,0.034856067071973834
163,2021-11-03 11,18.508800506591797,18.508800506591797,18.149999618530273,18.315000534057617,18.315000534057617,1512196,-0.0102674215253038,-0.010320495096055645
164,2021-11-03 12,18.309999465942383,18.459999084472656,18.139999389648438,18.209999084472656,18.209999084472656,852796,-0.005733084713249403,-0.005749581926912963
165,2021-11-03 13,18.209999084472656,18.209999084472656,17.799999237060547,17.850000381469727,17.850000381469727,930762,-0.019769287265362534,-0.019967313866938393
166,2021-11-03 14,17.844999313354492,18.170000076293945,17.84000015258789,18.1200008392334,18.1200008392334,1535799,0.015126075741934475,0.015012817333640195
167,2021-11-03 15,18.114999771118164,18.18000030517578,17.96500015258789,18.05500030517578,18.05500030517578,1214236,-0.0035872257752260772,-0.0035936752981568323
168,2021-11-04 09,17.3799991607666,17.899999618530273,16.600000381469727,17.799999237060547,17.799999237060547,4446122,-0.01412357041290846,-0.014224257195712731
169,2021-11-04 10,17.81999969482422,17.860000610351562,17.074399948120117,17.209999084472656,17.209999084472656,1415781,-0.03314607740878317,-0.03370785741023007
170,2021-11-04 11,17.219999313354492,17.3700008392334,17.020000457763672,17.200000762939453,17.200000762939453,791457,-0.0005809600270242354,-0.000581128849690049
171,2021-11-04 12,17.209999084472656,17.34000015258789,17.100000381469727,17.309999465942383,17.309999465942383,645805,0.006395273146728053,0.0063749101592173755
172,2021-11-04 13,17.31999969482422,17.75,17.31999969482422,17.704999923706055,17.704999923706055,900883,0.022819206814006066,0.022562742919123288
173,2021-11-04 14,17.704999923706055,17.760000228881836,17.43000030517578,17.649999618530273,17.649999618530273,760919,-0.0031064843497762284,-0.0031113194884021186
174,2021-11-04 15,17.649999618530273,17.729900360107422,17.549999237060547,17.63170051574707,17.63170051574707,1338653,-0.00103677638406241,-0.0010373142084655798
175,2021-11-05 09,17.549999237060547,17.719999313354492,17.190000534057617,17.584999084472656,17.584999084472656,1995189,-0.002648719630457874,-0.0026522336948507407
176,2021-11-05 10,17.59000015258789,18.2549991607666,17.489999771118164,18.149999618530273,18.149999618530273,2186537,0.03212968799961469,0.031624325830270236
177,2021-11-05 11,18.155000686645508,18.93000030517578,18.094999313354492,18.6299991607666,18.6299991607666,3524054,0.026446256326433826,0.02610259987283422
178,2021-11-05 12,18.6200008392334,18.655000686645508,18.1200008392334,18.364999771118164,18.364999771118164,1405552,-0.014224337175844148,-0.014326472757384355
179,2021-11-05 13,18.360000610351562,18.739999771118164,18.299999237060547,18.700000762939453,18.700000762939453,1551855,0.018241273944807235,0.01807689785074765
180,2021-11-05 14,18.69890022277832,18.825000762939453,18.450000762939453,18.799699783325195,18.799699783325195,1490916,0.005331498198830609,0.005317336076892733
181,2021-11-05 15,18.790000915527344,19.100000381469727,18.6737003326416,19.020000457763672,19.020000457763672,2854479,0.01171830811010488,0.011650180448400544
182,2021-11-08 09,19.239999771118164,19.739999771118164,18.7549991607666,19.075000762939453,19.075000762939453,5563758,0.002891708930182091,0.002887535982611237
183,2021-11-08 10,19.06999969482422,19.149999618530273,18.8700008392334,18.94499969482422,18.94499969482422,1841777,-0.006815258868445806,-0.006838588805294852
184,2021-11-08 11,18.94499969482422,19.06999969482422,18.579999923706055,19.0,19.0,1969349,0.0029031568256403517,0.0028989508043897054
185,2021-11-08 12,19.004499435424805,19.350000381469727,18.899999618530273,19.219999313354492,19.219999313354492,1561018,0.011578911229183753,0.011512388650132563
186,2021-11-08 13,19.209999084472656,19.359899520874023,18.940000534057617,18.950000762939453,18.950000762939453,811560,-0.014047791886622862,-0.014147396027481322
187,2021-11-08 14,18.954999923706055,19.418800354003906,18.954999923706055,19.19499969482422,19.19499969482422,1698334,0.012928703009021048,0.012845840764957015
188,2021-11-08 15,19.19499969482422,19.280000686645508,19.06999969482422,19.084999084472656,19.084999084472656,1806740,-0.005730690914322989,-0.005747174327899099
189,2021-11-09 09,20.040000915527344,20.270000457763672,18.8700008392334,19.54990005493164,19.54990005493164,6650091,0.02435949660784753,0.02406753591244605
190,2021-11-09 10,19.540000915527344,19.980100631713867,19.450000762939453,19.670000076293945,19.670000076293945,2496343,0.006143255005132797,0.006124462141067889
191,2021-11-09 11,19.674999237060547,19.735000610351562,19.3799991607666,19.501399993896484,19.501399993896484,1693890,-0.008571432727173978,-0.00860837872827422
192,2021-11-09 12,19.5,19.6299991607666,19.40999984741211,19.530000686645508,19.530000686645508,721229,0.001466596898580308,0.00146552249569785
193,2021-11-09 13,19.530000686645508,19.860000610351562,19.440000534057617,19.81999969482422,19.81999969482422,1197530,0.01484889902625608,0.014739733457389376
194,2021-11-09 14,19.81999969482422,20.0,19.655000686645508,19.729999542236328,19.729999542236328,1206115,-0.004540875578892822,-0.004551216671355274
195,2021-11-09 15,19.719999313354492,19.989999771118164,19.719999313354492,19.920000076293945,19.920000076293945,1430026,0.009630032360157026,0.00958395915334842
196,2021-11-10 09,19.760000228881836,20.139999389648438,19.139999389648438,19.8700008392334,19.8700008392334,3966457,-0.002510001850855925,-0.0025131571865397136
197,2021-11-10 10,19.8700008392334,20.030000686645508,19.510000228881836,19.600000381469727,19.600000381469727,1391629,-0.013588346570703402,-0.013681513100717286
198,2021-11-10 11,19.610000610351562,19.889999389648438,19.540000915527344,19.65999984741211,19.65999984741211,762738,0.003061197182379072,0.0030565212584707452
199,2021-11-10 12,19.670000076293945,19.790000915527344,19.209999084472656,19.329999923706055,19.329999923706055,1440996,-0.016785347216037416,-0.01692781768436274
200,2021-11-10 13,19.309999465942383,19.415000915527344,18.540000915527344,18.549999237060547,18.549999237060547,2510595,-0.04035182047201802,-0.041188541348688705
201,2021-11-10 14,18.545000076293945,18.969999313354492,18.260000228881836,18.969999313354492,18.969999313354492,2247274,0.022641514478062064,0.022388999825900993
202,2021-11-10 15,18.96500015258789,19.058000564575195,18.8799991607666,18.889999389648438,18.889999389648438,861473,-0.004217181159818839,-0.004226098547944225
203,2021-11-11 09,19.219999313354492,20.719999313354492,19.18000030517578,20.309999465942383,20.309999465942383,4487634,0.07517205517074244,0.0724807000944007
204,2021-11-11 10,20.31999969482422,21.549999237060547,20.299999237060547,21.545000076293945,21.545000076293945,5022977,0.06080751564875819,0.059030425311955875
205,2021-11-11 11,21.549999237060547,22.23150062561035,21.350000381469727,21.594499588012695,21.594499588012695,7630885,0.0022974941537927673,0.002294858949571781
206,2021-11-11 12,21.600000381469727,22.200000762939453,21.549999237060547,21.875,21.875,2742837,0.012989437928120129,0.012905798685161217
207,2021-11-11 13,21.8700008392334,21.989999771118164,21.239999771118164,21.325000762939453,21.325000762939453,2237537,-0.02514282226562503,-0.02546430308917382
208,2021-11-11 14,21.329999923706055,21.3799991607666,20.799999237060547,21.059999465942383,21.059999465942383,2480213,-0.01242678956699561,-0.012504647807536389
209,2021-11-11 15,21.049999237060547,21.15999984741211,20.920000076293945,20.959999084472656,20.959999084472656,1572507,-0.00474835631555659,-0.004759665573867099
210,2021-11-12 09,21.229999542236328,21.31999969482422,20.520000457763672,21.149999618530273,21.149999618530273,3033370,0.009064911371984286,0.009024071682792309
211,2021-11-12 10,21.149099349975586,21.299999237060547,20.899999618530273,21.12689971923828,21.12689971923828,1140513,-0.001092193839651534,-0.0010927907179873605
212,2021-11-12 11,21.1299991607666,21.209999084472656,20.979900360107422,21.126100540161133,21.126100540161133,825923,-3.7827560492531553e-05,-3.7828275972741266e-05
213,2021-11-12 12,21.139999389648438,21.16990089416504,20.90999984741211,20.999300003051758,20.999300003051758,501798,-0.006002079601406973,-0.006020164482084546
214,2021-11-12 13,21.0,21.09000015258789,20.854999542236328,20.965900421142578,20.965900421142578,581221,-0.0015905092981349789,-0.0015917755008315838
215,2021-11-12 14,20.969999313354492,21.209999084472656,20.93000030517578,21.155000686645508,21.155000686645508,794362,0.00901942018727886,0.00897898815084894
216,2021-11-12 15,21.15999984741211,21.219999313354492,21.100000381469727,21.170000076293945,21.170000076293945,943361,0.0007090233590918427,0.0007087721207788481
217,2021-11-15 09,21.239999771118164,21.799999237060547,20.350000381469727,20.520000457763672,20.520000457763672,3783714,-0.030703808039100555,-0.031185046139904922
218,2021-11-15 10,20.510400772094727,21.049999237060547,20.43000030517578,20.969999313354492,20.969999313354492,1567364,0.02192976830176252,0.021692769558905724
219,2021-11-15 11,20.97010040283203,21.157899856567383,20.719999313354492,20.8700008392334,20.8700008392334,852536,-0.004768644606364392,-0.004780050868107644
220,2021-11-15 12,20.8700008392334,21.344999313354492,20.850000381469727,21.290000915527344,21.290000915527344,808037,0.020124583584318234,0.019924760606542764
221,2021-11-15 13,21.289899826049805,21.399999618530273,21.049999237060547,21.149999618530273,21.149999618530273,722582,-0.006575917847657986,-0.006597634452187553
222,2021-11-15 14,21.170000076293945,21.6299991607666,21.165000915527344,21.610000610351562,21.610000610351562,984735,0.02174945627035685,0.02151631130684193
223,2021-11-15 15,21.600000381469727,21.655000686645508,21.420000076293945,21.56999969482422,21.56999969482422,1102457,-0.001851037223394747,-0.0018527525098288
224,2021-11-16 09,22.200000762939453,22.329999923706055,20.889999389648438,21.190000534057617,21.190000534057617,4393527,-0.01761702207431104,-0.017774048769413492
225,2021-11-16 10,21.19499969482422,21.809999465942383,21.19499969482422,21.750499725341797,21.750499725341797,1304902,0.02645111737412731,0.026107335665042603
226,2021-11-16 11,21.760000228881836,22.06999969482422,21.670000076293945,21.780000686645508,21.780000686645508,1443346,0.0013563348739680237,0.0013554158827022659
227,2021-11-16 12,21.770000457763672,22.75,21.68320083618164,22.519699096679688,22.519699096679688,3431535,0.03396227670863805,0.03339829254706358
228,2021-11-16 13,22.520000457763672,23.0,22.219999313354492,23.0,23.0,2125935,0.02132803379202919,0.021103774350848644
229,2021-11-16 14,22.989999771118164,23.549999237060547,22.770000457763672,23.34000015258789,23.34000015258789,4341089,0.01478261532990821,0.014674417466873275
230,2021-11-16 15,23.334999084472656,23.75,23.131000518798828,23.68000030517578,23.68000030517578,3169632,0.01456727293766491,0.01446218950727248
231,2021-11-17 09,22.889999389648438,23.659700393676758,22.059999465942383,22.229999542236328,22.229999542236328,7785032,-0.06123313953769349,-0.0631881155193486
232,2021-11-17 10,22.225000381469727,22.31999969482422,21.520000457763672,21.547000885009766,21.547000885009766,3264565,-0.03072418674273414,-0.03120607058839534
233,2021-11-17 11,21.542499542236328,22.780000686645508,21.520000457763672,21.90999984741211,21.90999984741211,4957856,0.016846843991865423,0.016706509847519955
234,2021-11-17 12,21.91990089416504,22.030000686645508,21.049999237060547,21.438199996948242,21.438199996948242,3405429,-0.02153353965082727,-0.021768769331139463
235,2021-11-17 13,21.43269920349121,22.010099411010742,21.420000076293945,21.67009925842285,21.67009925842285,1682356,0.010817105051152742,0.010759018679138014
236,2021-11-17 14,21.649999618530273,21.760000228881836,21.360000610351562,21.5049991607666,21.5049991607666,1314002,-0.007618797481607209,-0.007647968780407183
237,2021-11-17 15,21.5049991607666,21.549999237060547,21.25,21.405000686645508,21.405000686645508,1197316,-0.004650010603280075,-0.004660855535010348
238,2021-11-18 09,21.510000228881836,22.319599151611328,19.8700008392334,20.40999984741211,20.40999984741211,6725771,-0.04648450396239301,-0.04759960233003294
239,2021-11-18 10,20.399999618530273,20.6299991607666,20.09000015258789,20.609699249267578,20.609699249267578,1774131,0.009784390168958712,0.009736832983880922
240,2021-11-18 11,20.600000381469727,20.719999313354492,19.9950008392334,20.089099884033203,20.089099884033203,1339220,-0.025259920532458846,-0.02558442868592675
241,2021-11-18 12,20.079999923706055,20.09000015258789,19.309999465942383,19.579999923706055,19.579999923706055,3148406,-0.025342099111756666,-0.02566874043773384
242,2021-11-18 13,19.59000015258789,19.84000015258789,19.40999984741211,19.450000762939453,19.450000762939453,1733611,-0.006639385151846144,-0.006661523915706741
243,2021-11-18 14,19.450000762939453,20.3799991607666,19.42300033569336,20.225000381469727,20.225000381469727,1776082,0.039845737178940244,0.03907237251571856
244,2021-11-18 15,20.2450008392334,20.290000915527344,19.969999313354492,20.09000015258789,20.09000015258789,1489527,-0.006674918483834724,-0.006697295383792907
245,2021-11-19 09,20.219999313354492,21.75,20.1200008392334,21.46500015258789,21.46500015258789,3966967,0.06844201043088982,0.06620152236314822
246,2021-11-19 10,21.460100173950195,21.56999969482422,20.829999923706055,21.517900466918945,21.517900466918945,2584659,0.0024644916820406593,0.002461459802754389
247,2021-11-19 11,21.510000228881836,21.735000610351562,21.25,21.41699981689453,21.41699981689453,1434667,-0.004689149398173664,-0.00470017794906724
248,2021-11-19 12,21.418100357055664,21.649999618530273,21.1299991607666,21.149999618530273,21.149999618530273,1131312,-0.012466741403884152,-0.012545103183001418
249,2021-11-19 13,21.15999984741211,21.59000015258789,21.125,21.540000915527344,21.540000915527344,855406,0.018439777968382476,0.018271826775939276
250,2021-11-19 14,21.540000915527344,21.850000381469727,21.444799423217773,21.729999542236328,21.729999542236328,1601063,0.008820734384092921,0.008782058970529156
251,2021-11-19 15,21.732099533081055,21.7549991607666,21.200000762939453,21.280000686645508,21.280000686645508,1473122,-0.020708645424320604,-0.02092607646174224
252,2021-11-22 09,21.299999237060547,22.5,20.860000610351562,22.0,22.0,4185337,0.0338345531072437,0.033274756617696515
253,2021-11-22 10,22.020000457763672,22.114999771118164,21.420000076293945,21.530000686645508,21.530000686645508,1853655,-0.021363605152476928,-0.021595110089545507
254,2021-11-22 11,21.55120086669922,21.559999465942383,20.780000686645508,21.110000610351562,21.110000610351562,1818153,-0.019507666646497612,-0.019700452495629996
255,2021-11-22 12,21.104999542236328,21.43000030517578,20.920000076293945,21.3799991607666,21.3799991607666,831189,0.012790077811871026,0.012708975570558965
256,2021-11-22 13,21.3799991607666,21.700000762939453,21.309999465942383,21.549999237060547,21.549999237060547,679117,0.007951360288446896,0.007919914802834169
257,2021-11-22 14,21.549999237060547,21.72100067138672,21.44879913330078,21.520000457763672,21.520000457763672,592801,-0.0013920547730361665,-0.0013930245814037948
258,2021-11-22 15,21.524999618530273,21.649999618530273,21.270000457763672,21.299999237060547,21.299999237060547,788625,-0.01022310483379918,-0.010275719668504381
259,2021-11-23 09,21.260000228881836,21.329999923706055,19.8700008392334,19.899999618530273,19.899999618530273,3209081,-0.06572768397542328,-0.06798732433551154
260,2021-11-23 10,19.889999389648438,20.0049991607666,19.219999313354492,19.385000228881836,19.385000228881836,3665716,-0.025879366810082072,-0.026220129631059165
261,2021-11-23 11,19.385000228881836,19.75349998474121,19.139999389648438,19.604999542236328,19.604999542236328,2121330,0.011348945615523576,0.011285029464907352
262,2021-11-23 12,19.610000610351562,19.809999465942383,19.40999984741211,19.53499984741211,19.53499984741211,796646,-0.0035705022422169996,-0.0035768916989281454
263,2021-11-23 13,19.530000686645508,20.040000915527344,19.440000534057617,19.750099182128906,19.750099182128906,1554056,0.011010971916915135,0.010950792518432275
264,2021-11-23 14,19.749900817871094,20.2450008392334,19.659700393676758,19.920000076293945,19.920000076293945,1170960,0.00860253371885733,0.008565742772003676
265,2021-11-23 15,19.93000030517578,20.139999389648438,19.850000381469727,20.09869956970215,20.09869956970215,787626,0.008970858068462872,0.008930858960784322
266,2021-11-24 09,19.950000762939453,20.6200008392334,19.459999084472656,20.559999465942383,20.559999465942383,1946264,0.02295172852554206,0.02269229966414505
267,2021-11-24 10,20.565000534057617,20.860000610351562,20.354999542236328,20.700000762939453,20.700000762939453,988293,0.0068094017817939,0.00678632251690211
268,2021-11-24 11,20.709999084472656,20.73200035095215,20.165000915527344,20.2549991607666,20.2549991607666,617958,-0.02149766114837859,-0.021732101907042202
269,2021-11-24 12,20.25,20.540000915527344,20.229999542236328,20.469999313354492,20.469999313354492,684157,0.010614671019307576,0.010558730907947032
270,2021-11-24 13,20.479999542236328,20.559999465942383,20.280000686645508,20.360000610351562,20.360000610351562,387340,-0.005373654454945087,-0.00538814446890991
271,2021-11-24 14,20.360000610351562,20.579999923706055,20.30500030517578,20.4950008392334,20.4950008392334,605293,0.006630659373025649,0.006608773244205822
272,2021-11-24 15,20.5,20.554100036621094,20.320100784301758,20.389999389648438,20.389999389648438,615938,-0.005123271299601884,-0.005136440252006317
273,2021-11-26 09,19.5,20.1200008392334,19.440399169921875,19.8700008392334,19.8700008392334,2002642,-0.025502627071143036,-0.02583345585256577
274,2021-11-26 10,19.860000610351562,19.8799991607666,19.290000915527344,19.440000534057617,19.440000534057617,1537428,-0.021640678762667398,-0.02187827229553757
275,2021-11-26 11,19.434999465942383,19.934999465942383,19.412399291992188,19.90999984741211,19.90999984741211,858521,0.024176918747048637,0.02388928390783065
276,2021-11-26 13,19.900699615478516,19.989999771118164,19.600000381469727,19.679899215698242,19.679899215698242,0,-0.011557038346425519,-0.011624339954773324
277,2021-11-29 09,20.260000228881836,21.260000228881836,20.079999923706055,20.6200008392334,20.6200008392334,3635120,0.047769636075435606,0.04666374883133423
278,2021-11-29 10,20.614999771118164,21.149999618530273,20.469999313354492,21.11009979248047,21.11009979248047,1221231,0.023768134495638193,0.02349006982130793
279,2021-11-29 11,21.1200008392334,21.579999923706055,21.0,21.579999923706055,21.579999923706055,1491445,0.022259493599976476,0.022015367184496155
280,2021-11-29 12,21.59000015258789,21.940000534057617,21.5,21.6299991607666,21.6299991607666,1541786,0.002316924802470588,0.002314244870868851
281,2021-11-29 13,21.6299991607666,21.934999465942383,21.489999771118164,21.850000381469727,21.850000381469727,864656,0.010171115545033027,0.010119737834710926
282,2021-11-29 14,21.860000610351562,22.190000534057617,21.75,22.039499282836914,22.039499282836914,1922795,0.008672718446627314,0.008635326461907136
283,2021-11-29 15,22.030000686645508,22.09000015258789,21.90999984741211,22.081600189208984,22.081600189208984,1269812,0.0019102478614319018,0.0019084256581900498
284,2021-11-30 09,21.989999771118164,22.530000686645508,21.559999465942383,21.8799991607666,21.8799991607666,3284535,-0.009129819701241715,-0.00917175192267353
285,2021-11-30 10,21.8799991607666,21.989999771118164,21.1299991607666,21.329999923706055,21.329999923706055,1804335,-0.02513707761226791,-0.025458410291169863
286,2021-11-30 11,21.329999923706055,21.43000030517578,20.690000534057617,21.040000915527344,21.040000915527344,1474625,-0.013595827905109714,-0.013689097523256435
287,2021-11-30 12,21.040000915527344,21.289899826049805,20.9950008392334,21.020000457763672,21.020000457763672,1172412,-0.0009505920576701188,-0.0009510441568307933
288,2021-11-30 13,21.02899932861328,21.518800735473633,21.017000198364258,21.37030029296875,21.37030029296875,740910,0.01666507267252193,0.01652773408688828
289,2021-11-30 14,21.3700008392334,21.540000915527344,21.280000686645508,21.3700008392334,21.3700008392334,650253,-1.4012612422176218e-05,-1.4012710599746816e-05
290,2021-11-30 15,21.364999771118164,21.579999923706055,21.364999771118164,21.389999389648438,21.389999389648438,889688,0.0009358235671346193,0.0009353859572560281
291,2021-12-01 09,22.030000686645508,22.639999389648438,21.639999389648438,21.86009979248047,21.86009979248047,3640978,0.02197757906713793,0.021739553250393187
292,2021-12-01 10,21.860000610351562,22.239999771118164,21.68000030517578,21.7450008392334,21.7450008392334,1465625,-0.005265252873487003,-0.005279163166355331
293,2021-12-01 11,21.749900817871094,21.760000228881836,21.190000534057617,21.280000686645508,21.280000686645508,1389654,-0.021384232450748608,-0.021616187903297605
294,2021-12-01 12,21.280000686645508,21.3700008392334,20.700000762939453,20.969999313354492,20.969999313354492,1444551,-0.014567733237224934,-0.014674884570973705
295,2021-12-01 13,20.969999313354492,21.019899368286133,20.530000686645508,20.68000030517578,20.68000030517578,1388650,-0.013829233079374892,-0.013925747772367839
296,2021-12-01 14,20.670000076293945,20.739999771118164,19.860000610351562,20.020000457763672,20.020000457763672,1821075,-0.03191488576752699,-0.032435267644885066
297,2021-12-01 15,20.020000457763672,20.15999984741211,19.75,19.75,19.75,1559645,-0.013486536043457842,-0.013578305405261684
298,2021-12-02 09,19.690000534057617,20.24489974975586,19.110300064086914,19.319900512695312,19.319900512695312,2670044,-0.02177718923061711,-0.022017812022429802
299,2021-12-02 10,19.31999969482422,19.399999618530273,18.381999969482422,19.31999969482422,19.31999969482422,2655480,5.133677000168646e-06,5.133663822893974e-06
300,2021-12-02 11,19.329999923706055,19.36050033569336,18.8799991607666,19.28499984741211,19.28499984741211,1259922,-0.0018115863335901317,-0.001813229240590569
301,2021-12-02 12,19.280000686645508,19.309999465942383,18.545000076293945,18.559999465942383,18.559999465942383,1089233,-0.03759400504050381,-0.038318885164535306
302,2021-12-02 13,18.56999969482422,19.05430030822754,18.37070083618164,18.899999618530273,18.899999618530273,1277263,0.018318974265693955,0.01815320329861515
303,2021-12-02 14,18.899999618530273,18.950000762939453,18.524999618530273,18.700000762939453,18.700000762939453,1100810,-0.010581950244841987,-0.010638337222571707
304,2021-12-02 15,18.709999084472656,19.059999465942383,18.704999923706055,18.989999771118164,18.989999771118164,1282159,0.015507967719094573,0.015388948111997014
305,2021-12-03 09,18.799999237060547,18.850000381469727,17.459999084472656,18.024999618530273,18.024999618530273,3659026,-0.0508162277103108,-0.05215285076379494
306,2021-12-03 10,18.020000457763672,18.11840057373047,17.260000228881836,17.436800003051758,17.436800003051758,2042480,-0.0326324342816533,-0.03317674642598311
307,2021-12-03 11,17.43000030517578,17.6072998046875,17.020000457763672,17.55500030517578,17.55500030517578,2520045,0.0067787840718098735,0.0067559114227156315
308,2021-12-03 12,17.549999237060547,17.700000762939453,17.299999237060547,17.56999969482422,17.56999969482422,1165406,0.0008544226367239727,0.0008540578254900945
309,2021-12-03 13,17.559999465942383,17.579999923706055,17.18000030517578,17.388599395751953,17.388599395751953,1107232,-0.010324433820320555,-0.01037810049207919
310,2021-12-03 14,17.389999389648438,17.401399612426758,17.059999465942383,17.31999969482422,17.31999969482422,1349870,-0.003945096402904857,-0.003952898823346808
311,2021-12-03 15,17.31999969482422,17.649999618530273,17.29010009765625,17.610000610351562,17.610000610351562,1304672,0.016743702115306958,0.01660507165304728
312,2021-12-06 09,17.09000015258789,17.6299991607666,16.270000457763672,17.6299991607666,17.6299991607666,3056613,0.0011356359864793664,0.0011349916397152499
313,2021-12-06 10,17.639999389648438,17.790000915527344,17.239999771118164,17.7450008392334,17.7450008392334,1464923,0.006523067722131293,0.006501884585333216
314,2021-12-06 11,17.75,17.979999542236328,17.344999313354492,17.530000686645508,17.530000686645508,1620627,-0.012116097065069442,-0.012190095289655384
315,2021-12-06 12,17.524999618530273,17.749900817871094,17.399999618530273,17.68000030517578,17.68000030517578,705765,0.008556737744143117,0.008520336367690479
316,2021-12-06 13,17.684999465942383,17.848600387573242,17.6200008392334,17.78499984741211,17.78499984741211,523921,0.005938888033027334,0.005921322350264262
317,2021-12-06 14,17.78499984741211,17.799999237060547,17.3799991607666,17.549999237060547,17.549999237060547,984698,-0.013213416495235886,-0.013301490381294754
318,2021-12-06 15,17.549999237060547,17.549999237060547,17.18000030517578,17.280000686645508,17.280000686645508,1413043,-0.01538453345598323,-0.015504103327201682
319,2021-12-07 09,18.1200008392334,18.31999969482422,17.670000076293945,18.02989959716797,18.02989959716797,2292036,0.04339692596783307,0.042481665433359385
320,2021-12-07 10,18.030000686645508,18.332700729370117,17.700000762939453,17.84000015258789,17.84000015258789,1656824,-0.010532473769843231,-0.010588332840701948
321,2021-12-07 11,17.849300384521484,18.258100509643555,17.83300018310547,18.135000228881836,18.135000228881836,1222464,0.01653587857459482,0.016400649650869556
322,2021-12-07 12,18.139999389648438,18.290000915527344,18.040000915527344,18.260000228881836,18.260000228881836,555918,0.006892748741239352,0.0068691023455588925
323,2021-12-07 13,18.270000457763672,18.59000015258789,18.229999542236328,18.56999969482422,18.56999969482422,1166143,0.016976969444504997,0.016834471229383478
324,2021-12-07 14,18.56909942626953,18.610000610351562,18.360000610351562,18.459999084472656,18.459999084472656,991142,-0.005923565544388332,-0.005941179451300606
325,2021-12-07 15,18.459999084472656,18.53499984741211,18.295000076293945,18.34000015258789,18.34000015258789,1248027,-0.006500484173138532,-0.006521704331238347
326,2021-12-08 09,18.350000381469727,18.709999084472656,17.959999084472656,18.44499969482422,18.44499969482422,1571451,0.005725165832210388,0.0057088393551931816
327,2021-12-08 10,18.459999084472656,18.959999084472656,18.200000762939453,18.65999984741211,18.65999984741211,1259282,0.011656283878834772,0.011588872738463782
328,2021-12-08 11,18.674999237060547,18.795000076293945,18.559999465942383,18.78499984741211,18.78499984741211,800765,0.006698821062280702,0.006676483661147968
329,2021-12-08 12,18.790000915527344,18.969999313354492,18.719999313354492,18.934999465942383,18.934999465942383,620354,0.00798507424800099,0.007953362245898007
330,2021-12-08 13,18.93000030517578,19.030000686645508,18.809999465942383,18.924999237060547,18.924999237060547,677976,-0.0005281346270868958,-0.0005282741393020436
331,2021-12-08 14,18.940000534057617,19.1299991607666,18.93000030517578,19.010000228881836,19.010000228881836,911749,0.0044914660633028625,0.004481409530743291
332,2021-12-08 15,19.014999389648438,19.03499984741211,18.790000915527344,18.799999237060547,18.799999237060547,1031996,-0.011046869505147883,-0.011108339286396362
333,2021-12-09 09,18.709999084472656,18.979999542236328,18.110000610351562,18.149999618530273,18.149999618530273,1340605,-0.03457444919725983,-0.03518628956077311
334,2021-12-09 10,18.139999389648438,18.359699249267578,18.049999237060547,18.344999313354492,18.344999313354492,660046,0.010743785064608602,0.0106864806844283
335,2021-12-09 11,18.350000381469727,18.35569953918457,18.171600341796875,18.28499984741211,18.28499984741211,405161,-0.003270616963103712,-0.0032759771213039107
336,2021-12-09 12,18.28499984741211,18.420000076293945,18.219999313354492,18.235000610351562,18.235000610351562,624556,-0.0027344401136335517,-0.0027381855242932848
337,2021-12-09 13,18.229999542236328,18.2549991607666,18.010299682617188,18.020000457763672,18.020000457763672,513783,-0.011790520723418019,-0.011860580148793985
338,2021-12-09 14,18.020000457763672,18.09000015258789,17.8700008392334,17.90999984741211,17.90999984741211,706067,-0.0061043622395786645,-0.006123070030364178
339,2021-12-09 15,17.905000686645508,18.010000228881836,17.790000915527344,17.860000610351562,17.860000610351562,1038197,-0.002791693885344837,-0.002795597930344819
340,2021-12-10 09,18.0,18.18000030517578,17.510000228881836,17.93000030517578,17.93000030517578,1371314,0.003919355679285141,0.003911695014869781
341,2021-12-10 10,17.940000534057617,17.940000534057617,17.479999542236328,17.665000915527344,17.665000915527344,726310,-0.014779664536421766,-0.014889971999142874
342,2021-12-10 11,17.674999237060547,17.989999771118164,17.59000015258789,17.93000030517578,17.93000030517578,461266,0.015001379898911038,0.01488997199914282
343,2021-12-10 12,17.950000762939453,18.1200008392334,17.81999969482422,18.010000228881836,18.010000228881836,422230,0.0044617915417972664,0.004451867259020025
344,2021-12-10 13,18.0,18.010000228881836,17.799999237060547,17.829999923706055,17.829999923706055,317647,-0.009994464346931187,-0.010044744300377826
345,2021-12-10 14,17.829999923706055,17.864999771118164,17.709999084472656,17.739999771118164,17.739999771118164,373664,-0.005047681041671193,-0.005060463616670739
346,2021-12-10 15,17.739999771118164,17.84000015258789,17.729999542236328,17.81999969482422,17.81999969482422,396757,0.004509578621094468,0.004499440937785134
347,2021-12-13 09,18.280000686645508,18.34000015258789,17.100000381469727,17.204999923706055,17.204999923706055,1747177,-0.034511772258716156,-0.03512137010216016
348,2021-12-13 10,17.21500015258789,17.420000076293945,17.059999465942383,17.136699676513672,17.136699676513672,975051,-0.003969790612918023,-0.003977691147583836
349,2021-12-13 11,17.135000228881836,17.170000076293945,16.84000015258789,17.0,17.0,1072837,-0.007977013024335289,-0.008008999611238401
350,2021-12-13 12,17.0,17.139999389648438,16.934999465942383,17.139999389648438,17.139999389648438,601139,0.008235258214613905,0.008201533503640843
351,2021-12-13 13,17.139999389648438,17.219999313354492,16.980100631713867,17.15999984741211,17.15999984741211,636622,0.0011668878924087078,0.0011662076078910654
352,2021-12-13 14,17.149999618530273,17.299999237060547,17.020000457763672,17.225000381469727,17.225000381469727,592125,0.00378790994379985,0.003780753878257112
353,2021-12-13 15,17.225000381469727,17.299999237060547,17.139999389648438,17.219999313354492,17.219999313354492,621137,-0.0002903377651366501,-0.0002903799213054651
354,2021-12-14 09,16.540000915527344,17.280000686645508,16.5,17.259000778198242,17.259000778198242,1401691,0.0022648935191016406,0.0022623325139821686
355,2021-12-14 10,17.25,17.34000015258789,16.93000030517578,16.9950008392334,16.9950008392334,639651,-0.015296362886681791,-0.015414559109409243
356,2021-12-14 11,17.0,17.139999389648438,16.899999618530273,17.040000915527344,17.040000915527344,638457,0.002647841957739816,0.0026443426000262605
357,2021-12-14 12,17.030000686645508,17.25,16.989999771118164,17.239999771118164,17.239999771118164,451060,0.011737021411106552,0.0116686768300396
358,2021-12-14 13,17.237600326538086,17.415000915527344,17.149999618530273,17.344999313354492,17.344999313354492,622640,0.006090460767420147,0.006071988874855376
359,2021-12-14 14,17.350000381469727,17.799999237060547,17.344999313354492,17.7549991607666,17.7549991607666,914822,0.02363792814315291,0.023362878293416284
360,2021-12-14 15,17.75,17.75,17.315000534057617,17.360000610351562,17.360000610351562,740984,-0.022247173702371725,-0.022498374736906378
361,2021-12-15 09,17.09000015258789,17.360000610351562,16.649999618530273,16.850000381469727,16.850000381469727,1118054,-0.029377892335886724,-0.029818064953180255
362,2021-12-15 10,16.850000381469727,16.93000030517578,16.668699264526367,16.721399307250977,16.721399307250977,529554,-0.007632111056814828,-0.007661384657774346
363,2021-12-15 11,16.725000381469727,16.940000534057617,16.56999969482422,16.93000030517578,16.93000030517578,798653,0.012475092191258641,0.012397919391034951
364,2021-12-15 12,16.922700881958008,17.15999984741211,16.90999984741211,17.15999984741211,17.15999984741211,498119,0.013585324163639445,0.013493870996963976
365,2021-12-15 13,17.159900665283203,17.670000076293945,17.09000015258789,17.440000534057617,17.440000534057617,765680,0.01631705647641568,0.016185363935654933
366,2021-12-15 14,17.42970085144043,18.010000228881836,17.309999465942383,18.0,18.0,1117422,0.03211006013725681,0.0316053087927617
367,2021-12-15 15,18.0,18.059999465942383,17.854999542236328,17.969999313354492,17.969999313354492,862792,-0.001666704813639286,-0.0016680953113547977
368,2021-12-16 09,18.09000015258789,18.290000915527344,17.3700008392334,17.75,17.75,1203053,-0.012242588857029002,-0.012318146663385075
369,2021-12-16 10,17.747400283813477,17.84000015258789,17.309999465942383,17.441699981689453,17.441699981689453,736614,-0.017369015116087128,-0.017521626176765687
370,2021-12-16 11,17.43000030517578,17.459999084472656,17.020000457763672,17.084999084472656,17.084999084472656,642033,-0.02045103961146366,-0.020663057764021876
371,2021-12-16 12,17.079999923706055,17.09000015258789,16.829999923706055,16.989999771118164,16.989999771118164,636956,-0.005560393236475503,-0.005575909768358444
372,2021-12-16 13,16.989999771118164,17.059999465942383,16.549999237060547,16.579999923706055,16.579999923706055,1053277,-0.024131833604205233,-0.02442777710669461
373,2021-12-16 14,16.579999923706055,16.774999618530273,16.479999542236328,16.76409912109375,16.76409912109375,1331446,0.01110369108774667,0.011042497675012013
374,2021-12-16 15,16.760000228881836,16.905000686645508,16.739999771118164,16.780000686645508,16.780000686645508,1055690,0.0009485487670344295,0.0009480991789344052
375,2021-12-17 09,16.56999969482422,16.8799991607666,15.920000076293945,16.8700008392334,16.8700008392334,1865922,0.005363536883494779,0.005349204345434582
376,2021-12-17 10,16.850000381469727,17.364999771118164,16.829999923706055,17.260000228881836,17.260000228881836,939609,0.02311792354754627,0.022854752611141577
377,2021-12-17 11,17.25,17.295000076293945,16.979999542236328,17.100000381469727,17.100000381469727,612156,-0.009269979449037069,-0.009313213099321559
378,2021-12-17 12,17.09239959716797,17.280000686645508,17.030000686645508,17.229999542236328,17.229999542236328,462239,0.007602289933716921,0.007573538155225185
379,2021-12-17 13,17.239999771118164,17.3799991607666,17.149999618530273,17.20989990234375,17.20989990234375,372537,-0.0011665490671260992,-0.001167230015113445
380,2021-12-17 14,17.200000762939453,17.350000381469727,17.049999237060547,17.100000381469727,17.100000381469727,380803,-0.0063858314980121955,-0.006406308140111729
381,2021-12-17 15,17.104999542236328,17.104999542236328,16.959999084472656,17.010000228881836,17.010000228881836,744791,-0.00526316670059368,-0.005277065953292477
382,2021-12-20 09,16.5,16.979999542236328,16.34000015258789,16.510000228881836,16.510000228881836,1335464,-0.02939447344339441,-0.029835148068231565
383,2021-12-20 10,16.511699676513672,16.520000457763672,16.218599319458008,16.290000915527344,16.290000915527344,1066505,-0.013325215645341726,-0.013414792979507465
384,2021-12-20 11,16.299999237060547,16.450000762939453,16.20039939880371,16.299999237060547,16.299999237060547,413848,0.0006137704709194836,0.0006135821908605516
385,2021-12-20 12,16.30500030517578,16.40999984741211,16.149999618530273,16.399999618530273,16.399999618530273,734140,0.006134993015359136,0.006116250563189099
386,2021-12-20 13,16.399999618530273,16.549999237060547,16.270000457763672,16.5049991607666,16.5049991607666,523850,0.006402411260893581,0.006382002888129829
387,2021-12-20 14,16.5049991607666,16.639999389648438,16.399999618530273,16.6200008392334,16.6200008392334,410620,0.0069676876288586875,0.0069435254647587505
388,2021-12-20 15,16.614999771118164,16.65999984741211,16.5,16.56999969482422,16.56999969482422,680181,-0.0030084922914772605,-0.003013026901588067
389,2021-12-21 09,16.829999923706055,17.219999313354492,16.6200008392334,16.690000534057617,16.690000534057617,1181750,0.007242054402142317,0.007215956651298347
390,2021-12-21 10,16.68000030517578,16.93000030517578,16.600000381469727,16.739999771118164,16.739999771118164,604447,0.002995760063549291,0.0029912817161769634
391,2021-12-21 11,16.739999771118164,16.954999923706055,16.69499969482422,16.940000534057617,16.940000534057617,410566,0.011947477041458487,0.011876669361752495
392,2021-12-21 12,16.950000762939453,17.045000076293945,16.780000686645508,17.040000915527344,17.040000915527344,441629,0.005903210054136521,0.005885854378967234
393,2021-12-21 13,17.040000915527344,17.139999389648438,17.0,17.084999084472656,17.084999084472656,614807,0.002640737472279664,0.002637256851338457
394,2021-12-21 14,17.09000015258789,17.1299991607666,16.850000381469727,16.90060043334961,16.90060043334961,444050,-0.010793014984158411,-0.010851682082166515
395,2021-12-21 15,16.905000686645508,17.065000534057617,16.895000457763672,17.059999465942383,17.059999465942383,844940,0.009431560329550948,0.009387360860394966
396,2021-12-22 09,16.989999771118164,17.420000076293945,16.850000381469727,17.110000610351562,17.110000610351562,751484,0.002930899529569153,0.0029266128174487336
397,2021-12-22 10,17.1200008392334,17.3700008392334,17.0,17.319900512695312,17.319900512695312,548258,0.012267673574293259,0.01219303547076814
398,2021-12-22 11,17.31800079345703,17.399999618530273,17.125,17.170000076293945,17.170000076293945,410577,-0.008654809321305912,-0.008692479694253534
399,2021-12-22 12,17.174999237060547,17.229999542236328,17.040000915527344,17.059999465942383,17.059999465942383,281211,-0.006406558524332029,-0.006427168593963169
400,2021-12-22 13,17.06999969482422,17.09000015258789,16.889999389648438,16.93000030517578,16.93000030517578,379200,-0.007620115172109143,-0.007649296588081704
401,2021-12-22 14,16.93000030517578,17.15999984741211,16.93000030517578,17.040000915527344,17.040000915527344,292666,0.006497377930816395,0.006476360958514851
402,2021-12-22 15,17.040000915527344,17.149999618530273,17.040000915527344,17.100000381469727,17.100000381469727,413046,0.0035210952299720155,0.0035149106874862814
403,2021-12-23 09,17.100000381469727,17.139999389648438,16.760000228881836,17.010000228881836,17.010000228881836,1014359,-0.00526316670059368,-0.005277065953292477
404,2021-12-23 10,17.020000457763672,17.229999542236328,17.020000457763672,17.22010040283203,17.22010040283203,439199,0.012351567967263222,0.012275909713289021
405,2021-12-23 11,17.228500366210938,17.364999771118164,17.1299991607666,17.274999618530273,17.274999618530273,458502,0.0031880891756712604,0.003183017994767898
406,2021-12-23 12,17.270000457763672,17.40999984741211,17.260000228881836,17.360000610351562,17.360000610351562,412120,0.004920462732173503,0.004908396819154205
407,2021-12-23 13,17.359899520874023,17.360000610351562,17.174999237060547,17.19499969482422,17.19499969482422,257708,-0.009504660698511525,-0.009550118254411577
408,2021-12-23 14,17.200000762939453,17.21500015258789,17.040000915527344,17.114999771118164,17.114999771118164,299729,-0.004652510911653862,-0.0046633675273153674
409,2021-12-23 15,17.110000610351562,17.260000228881836,17.094999313354492,17.229000091552734,17.229000091552734,325018,0.006660842650255017,0.006638757255166277
410,2021-12-27 09,17.09000015258789,17.15999984741211,16.520000457763672,16.530000686645508,16.530000686645508,1539344,-0.040571095315620864,-0.04141706249185799
411,2021-12-27 10,16.530000686645508,16.909799575805664,16.479999542236328,16.850000381469727,16.850000381469727,1023880,0.01935872241570724,0.019173726065238376
412,2021-12-27 11,16.850000381469727,17.059999465942383,16.80500030517578,16.950000762939453,16.950000762939453,590825,0.005934740605685551,0.0059171994001119745
413,2021-12-27 12,16.950000762939453,17.09980010986328,16.899999618530273,17.05500030517578,17.05500030517578,345701,0.006194662979951415,0.0061755549265989345
414,2021-12-27 13,17.059999465942383,17.09000015258789,16.969999313354492,17.049999237060547,17.049999237060547,255665,-0.00029323178104645464,-0.00029327478189151084
415,2021-12-27 14,17.059999465942383,17.110000610351562,16.920000076293945,16.954999923706055,16.954999923706055,345863,-0.005571807484190283,-0.005587387904531237
416,2021-12-27 15,16.950000762939453,17.040000915527344,16.8799991607666,17.030000686645508,17.030000686645508,480018,0.004423518919312253,0.004413763916544133
417,2021-12-28 09,17.0,17.0,16.610000610351562,16.739999771118164,16.739999771118164,800961,-0.017028825827045013,-0.01717548360577667
418,2021-12-28 10,16.739900588989258,16.799400329589844,16.329999923706055,16.360000610351562,16.360000610351562,945833,-0.022700069651268584,-0.022961682906426147
419,2021-12-28 11,16.36750030517578,16.479999542236328,16.325000762939453,16.389999389648438,16.389999389648438,491029,0.0018336661477809102,0.0018319870343191478
420,2021-12-28 12,16.395000457763672,16.395000457763672,16.1200008392334,16.145000457763672,16.145000457763672,849254,-0.014948074497153518,-0.015060922952956014
421,2021-12-28 13,16.139999389648438,16.170000076293945,15.90999984741211,15.930000305175781,15.930000305175781,847289,-0.013316825425328638,-0.013406289484259506
422,2021-12-28 14,15.925000190734863,16.219999313354492,15.8100004196167,16.204999923706055,16.204999923706055,1145772,0.01726300146026505,0.01711568880620443
423,2021-12-28 15,16.209999084472656,16.31999969482422,16.190000534057617,16.280000686645508,16.280000686645508,924880,0.004628248274764601,0.004617570866174844
424,2021-12-29 09,16.209999084472656,16.25,15.341099739074707,15.579999923706055,15.579999923706055,1898558,-0.0429975880476261,-0.043949367205949295
425,2021-12-29 10,15.579999923706055,16.040000915527344,15.53499984741211,15.800000190734863,15.800000190734863,780231,0.014120684730817068,0.01402191655906117
426,2021-12-29 11,15.800000190734863,15.8100004196167,15.65999984741211,15.765000343322754,15.765000343322754,575763,-0.0022151801892150713,-0.002217637330194403
427,2021-12-29 12,15.765000343322754,15.815199851989746,15.670000076293945,15.777700424194336,15.777700424194336,389075,0.0008055870976850787,0.0008052627865613173
428,2021-12-29 13,15.770000457763672,15.877599716186523,15.770000457763672,15.819999694824219,15.819999694824219,354410,0.002680952831695338,0.002677365487888405
429,2021-12-29 14,15.824999809265137,15.890000343322754,15.65999984741211,15.65999984741211,15.65999984741211,355012,-0.010113770575131964,-0.01016526223014505
430,2021-12-29 15,15.664999961853027,15.744999885559082,15.640000343322754,15.699999809265137,15.699999809265137,649831,0.002554276005285905,0.0025510193866866825
431,2021-12-30 09,15.5,16.200000762939453,15.5,16.065000534057617,16.065000534057617,1022086,0.023248454090877058,0.022982325605825405
432,2021-12-30 10,16.059999465942383,16.294599533081055,16.049999237060547,16.229999542236328,16.229999542236328,796722,0.010270712897202605,0.010218327510343449
433,2021-12-30 11,16.239999771118164,16.46500015258789,16.229999542236328,16.354999542236328,16.354999542236328,699969,0.007701787031768159,0.007672279679414323
434,2021-12-30 12,16.350000381469727,16.530000686645508,16.324199676513672,16.440099716186523,16.440099716186523,483193,0.005203312524126202,0.005189822069978322
435,2021-12-30 13,16.440000534057617,16.545000076293945,16.225000381469727,16.344999313354492,16.344999313354492,539887,-0.005784660949373577,-0.005801456904447451
436,2021-12-30 14,16.350000381469727,16.354999542236328,16.100000381469727,16.2450008392334,16.2450008392334,402325,-0.006117985825755956,-0.006136777384568755
437,2021-12-30 15,16.2450008392334,16.264999389648438,16.084999084472656,16.149999618530273,16.149999618530273,484374,-0.005848028057572452,-0.005865194733841437
438,2021-12-31 09,16.0,16.59000015258789,16.0,16.239999771118164,16.239999771118164,749905,0.005572764997754387,0.005557294591574019
439,2021-12-31 10,16.230100631713867,16.350000381469727,16.06999969482422,16.263399124145508,16.263399124145508,620892,0.0014408468815965136,0.0014398098577372924
440,2021-12-31 11,16.260000228881836,16.290000915527344,16.059999465942383,16.075000762939453,16.075000762939453,303023,-0.011584193425244527,-0.011651812912636726
441,2021-12-31 12,16.06999969482422,16.089000701904297,15.960000038146973,16.010000228881836,16.010000228881836,376872,-0.004043578909649237,-0.004051776280120371
442,2021-12-31 13,16.010000228881836,16.079999923706055,15.90999984741211,15.989899635314941,15.989899635314941,419498,-0.0012555023909764929,-0.0012562911944022143
443,2021-12-31 14,15.979999542236328,16.0049991607666,15.850000381469727,15.854999542236328,15.854999542236328,452828,-0.008436581601842907,-0.008472370991971328
444,2021-12-31 15,15.859999656677246,15.859999656677246,15.569999694824219,15.729999542236328,15.729999542236328,1022363,-0.00788394850892371,-0.007915191149557467
445,2022-01-03 09,16.25,16.860000610351562,16.200000762939453,16.530000686645508,16.530000686645508,2351219,0.05085830690974347,0.04960726540341323
446,2022-01-03 10,16.524999618530273,16.71470069885254,16.43000030517578,16.559999465942383,16.559999465942383,929138,0.0018148081095430424,0.001813163334971971
447,2022-01-03 11,16.549999237060547,16.725000381469727,16.445899963378906,16.700000762939453,16.700000762939453,558544,0.00845418487391858,0.008418648400448541
448,2022-01-03 12,16.704999923706055,16.8799991607666,16.700000762939453,16.729999542236328,16.729999542236328,558221,0.0017963340075677348,0.0017947225291813718
449,2022-01-03 13,16.725000381469727,16.809999465942383,16.670000076293945,16.799999237060547,16.799999237060547,449816,0.004184082291664115,0.004175353359262655
450,2022-01-03 14,16.80500030517578,17.020000457763672,16.75,16.799999237060547,16.799999237060547,744962,0.0,0.0
451,2022-01-03 15,16.799999237060547,16.825000762939453,16.65999984741211,16.719999313354492,16.719999313354492,599887,-0.004761900436850985,-0.004773274406909872
452,2022-01-04 09,16.690000534057617,17.1200008392334,16.520000457763672,16.604999542236328,16.604999542236328,1560899,-0.006877977023977078,-0.0069017393283514385
453,2022-01-04 10,16.594999313354492,16.6299991607666,16.05500030517578,16.260000228881836,16.260000228881836,934296,-0.02077683365645122,-0.020995709064850196
454,2022-01-04 11,16.270000457763672,16.702999114990234,16.25,16.690000534057617,16.690000534057617,496313,0.02644528284888903,0.026101651476363952
455,2022-01-04 12,16.690000534057617,16.854999542236328,16.65999984741211,16.829999923706055,16.829999923706055,476749,0.008388219602674996,0.00835323399710132
456,2022-01-04 13,16.82990074157715,16.989999771118164,16.610000610351562,16.770000457763672,16.770000457763672,547549,-0.0035650306722740943,-0.0035714005378047592
457,2022-01-04 14,16.774999618530273,17.148000717163086,16.764999389648438,17.135000228881836,17.135000228881836,722333,0.021765042406375557,0.02153156555243608
458,2022-01-04 15,17.138700485229492,17.389999389648438,17.125,17.389999389648438,17.389999389648438,1234016,0.01488177165803517,0.014772124584209055
459,2022-01-05 09,17.18000030517578,17.56999969482422,16.8799991607666,17.516399383544922,17.516399383544922,1487809,0.007268545045017394,0.007242256481027586
460,2022-01-05 10,17.5,17.56999969482422,17.09000015258789,17.360000610351562,17.360000610351562,908463,-0.008928705595756314,-0.008968805358667833
461,2022-01-05 11,17.36989974975586,17.719999313354492,17.310100555419922,17.571199417114258,17.571199417114258,721887,0.012165829454911403,0.012092420538921398
462,2022-01-05 12,17.571399688720703,17.59000015258789,17.18000030517578,17.514999389648438,17.514999389648438,841084,-0.0031984172583621184,-0.003203543127538517
463,2022-01-05 13,17.510000228881836,18.200000762939453,17.489999771118164,17.725000381469727,17.725000381469727,2075493,0.011989780139267436,0.011918472137668619
464,2022-01-05 14,17.729999542236328,17.790000915527344,16.799999237060547,16.864999771118164,16.864999771118164,1364754,-0.048519074292976305,-0.04973563899755216
465,2022-01-05 15,16.864999771118164,17.079999923706055,16.809999465942383,16.829999923706055,16.829999923706055,1066555,-0.002075294864340771,-0.0020774512726997466
466,2022-01-06 09,16.68000030517578,17.139999389648438,15.8100004196167,16.34000015258789,16.34000015258789,2326779,-0.029114662705848837,-0.02954690489934236
467,2022-01-06 10,16.31999969482422,16.90999984741211,16.15999984741211,16.809999465942383,16.809999465942383,1425813,0.028763727598867472,0.028357816880129658
468,2022-01-06 11,16.81999969482422,16.860000610351562,16.510000228881836,16.64889907836914,16.64889907836914,864844,-0.009583604562251047,-0.009629822829226172
469,2022-01-06 12,16.639999389648438,16.864999771118164,16.459999084472656,16.469999313354492,16.469999313354492,498592,-0.010745441135328937,-0.010803590322196964
470,2022-01-06 13,16.459999084472656,16.700000762939453,16.40999984741211,16.4950008392334,16.4950008392334,1060616,0.001518004063220113,0.0015168530597235623
471,2022-01-06 14,16.5,16.600000381469727,16.399999618530273,16.49880027770996,16.49880027770996,781521,0.0002303387864961426,0.00023031226259077162
472,2022-01-06 15,16.489999771118164,16.520000457763672,16.280000686645508,16.31999969482422,16.31999969482422,922491,-0.010837186939422705,-0.010896336984717678
473,2022-01-07 09,16.459999084472656,17.010000228881836,16.350000381469727,16.649999618530273,16.649999618530273,1024827,0.020220583938534764,0.020018862678893516
474,2022-01-07 10,16.670000076293945,16.690000534057617,16.020000457763672,16.3700008392334,16.3700008392334,1055413,-0.016816743886603813,-0.01695975086576718
475,2022-01-07 11,16.360000610351562,16.739999771118164,16.34000015258789,16.610000610351562,16.610000610351562,772362,0.014660950446805376,0.014554517721642346
476,2022-01-07 12,16.610000610351562,16.850000381469727,16.540000915527344,16.6200008392334,16.6200008392334,567511,0.0006020607173009562,0.0006018795514588752
477,2022-01-07 13,16.610000610351562,16.659900665283203,16.21500015258789,16.299999237060547,16.299999237060547,688886,-0.019254006378715216,-0.019441778916077755
478,2022-01-07 14,16.299999237060547,16.489999771118164,16.270000457763672,16.290000915527344,16.290000915527344,737112,-0.0006133939878028016,-0.0006135821908606227
479,2022-01-07 15,16.295000076293945,16.405000686645508,16.229999542236328,16.239999771118164,16.239999771118164,554701,-0.003069437789995466,-0.0030741581759308758
480,2022-01-10 09,16.0,16.06999969482422,15.390000343322754,15.4399995803833,15.4399995803833,1947379,-0.049261096182871555,-0.050515803220440345
481,2022-01-10 10,15.430000305175781,15.630000114440918,15.149999618530273,15.619999885559082,15.619999885559082,1390150,0.011658051170187367,0.011590619665594165
482,2022-01-10 11,15.619999885559082,15.649999618530273,15.0600004196167,15.068300247192383,15.068300247192383,938281,-0.03532007953961347,-0.03595892130608213
483,2022-01-10 12,15.0600004196167,15.210000038146973,15.020000457763672,15.109999656677246,15.109999656677246,977062,0.002767359874756403,0.0027635377841944853
484,2022-01-10 13,15.109999656677246,15.3100004196167,15.0600004196167,15.279999732971191,15.279999732971191,783426,0.011250832571582547,0.011188012699577808
485,2022-01-10 14,15.279999732971191,15.4399995803833,15.154999732971191,15.324999809265137,15.324999809265137,1458076,0.0029450312225363096,0.002940703113613852
486,2022-01-10 15,15.324999809265137,15.600000381469727,15.3100004196167,15.59000015258789,15.59000015258789,875797,0.017292029143291865,0.017144223480953607
487,2022-01-11 09,15.34000015258789,16.0,15.15999984741211,15.779999732971191,15.779999732971191,1472464,0.012187272515950642,0.012113605638516092
488,2022-01-11 10,15.760000228881836,15.859999656677246,15.460000038146973,15.824999809265137,15.824999809265137,752836,0.00285171590972344,0.0028476574817335454
489,2022-01-11 11,15.819999694824219,16.09000015258789,15.800000190734863,15.849900245666504,15.849900245666504,613918,0.0015734873113102399,0.0015722506771995801
490,2022-01-11 12,15.850000381469727,16.010000228881836,15.810799598693848,15.869999885559082,15.869999885559082,315244,0.0012681240626781776,0.0012673206724862348
491,2022-01-11 13,15.869999885559082,15.9350004196167,15.779999732971191,15.850000381469727,15.850000381469727,370331,-0.0012602082062743714,-0.0012610029363897264
492,2022-01-11 14,15.84000015258789,16.010000228881836,15.729999542236328,15.795000076293945,15.795000076293945,566809,-0.00347005071621842,-0.0034760853064721834
493,2022-01-11 15,15.795000076293945,15.845000267028809,15.739999771118164,15.760000228881836,15.760000228881836,567172,-0.002215881433558109,-0.0022183401316156434
494,2022-01-12 09,16.049999237060547,16.260000228881836,15.699999809265137,15.833100318908691,15.833100318908691,1421780,0.004638330518098144,0.0046276066109983945
495,2022-01-12 10,15.842000007629395,15.850000381469727,15.399999618530273,15.579999923706055,15.579999923706055,1045675,-0.015985523372221144,-0.01611467001800387
496,2022-01-12 11,15.565699577331543,15.739999771118164,15.550000190734863,15.722200393676758,15.722200393676758,412785,0.009127116217397147,0.00908571581237185
497,2022-01-12 12,15.729999542236328,15.869500160217285,15.680000305175781,15.761799812316895,15.761799812316895,728240,0.002518694435167168,0.0025155278403469444
498,2022-01-12 13,15.760000228881836,15.829999923706055,15.5600004196167,15.821599960327148,15.821599960327148,594189,0.003793992356350362,0.003786813319760905
499,2022-01-12 14,15.824999809265137,15.856499671936035,15.699999809265137,15.845000267028809,15.845000267028809,1048709,0.0014790101355321994,0.0014779174772774364
500,2022-01-12 15,15.829999923706055,15.875,15.755000114440918,15.770000457763672,15.770000457763672,394802,-0.004733342253152251,-0.004744579992997204
501,2022-01-13 09,15.75,15.979999542236328,15.430000305175781,15.609999656677246,15.609999656677246,1105185,-0.010145897047685648,-0.01019771746887621
502,2022-01-13 10,15.603799819946289,15.768899917602539,15.43239974975586,15.760899543762207,15.760899543762207,802820,0.009666873184101199,0.009620447917182117
503,2022-01-13 11,15.760000228881836,15.760000228881836,15.369999885559082,15.399999618530273,15.399999618530273,786379,-0.022898434459901695,-0.02316467580193051
504,2022-01-13 12,15.390000343322754,15.430000305175781,15.220000267028809,15.329999923706055,15.329999923706055,755946,-0.004545434841439211,-0.004555796741872906
505,2022-01-13 13,15.319999694824219,15.454999923706055,15.234999656677246,15.34000015258789,15.34000015258789,472646,0.0006523306543773089,0.0006521179792206453
506,2022-01-13 14,15.34000015258789,15.364999771118164,15.050000190734863,15.079999923706055,15.079999923706055,815302,-0.016949167294367573,-0.017094448365639656
507,2022-01-13 15,15.085000038146973,15.130000114440918,14.979999542236328,15.0,15.0,1238793,-0.005305034755357818,-0.005319156418319687
508,2022-01-14 09,14.895000457763672,15.27750015258789,14.75,14.779999732971191,14.779999732971191,1864526,-0.01466668446858721,-0.014775303649056283
509,2022-01-14 10,14.779999732971191,14.78499984741211,14.460000038146973,14.600000381469727,14.600000381469727,1279603,-0.012178576099695193,-0.012253342610799838
510,2022-01-14 11,14.609999656677246,14.704999923706055,14.470000267028809,14.549699783325195,14.549699783325195,866879,-0.0034452463582379522,-0.003451194886165069
511,2022-01-14 12,14.545000076293945,14.5600004196167,14.274999618530273,14.3149995803833,14.3149995803833,920058,-0.01613093097706897,-0.01626245071918797
512,2022-01-14 13,14.3100004196167,14.60990047454834,14.260899543762207,14.489999771118164,14.489999771118164,897378,0.012224952557782665,0.01215083129974228
513,2022-01-14 14,14.484999656677246,14.800000190734863,14.475000381469727,14.760000228881836,14.760000228881836,732863,0.01863357225869966,0.018462094142482774
514,2022-01-14 15,14.770000457763672,14.880000114440918,14.729999542236328,14.880000114440918,14.880000114440918,904827,0.008130073421291018,0.00809720241664188
